{"cameraMode":{"drawMode":0,"name":"Shaded","section":"Shading Mode"},"sceneLighting":true,"audioPlay":false,"sceneViewState":{"showFog":true,"showMaterialUpdate":false,"showSkybox":true,"showFlares":true,"showImageEffects":true,"showParticleSystems":true},"in2DMode":false,"pivot":{"x":-65.48787689208985,"y":-2.735534429550171,"z":-9.767480850219727},"rotation":{"x":-0.02222016640007496,"y":0.7644625902175903,"z":-0.026383252814412118,"w":-0.6437546014785767},"size":35.8361701965332,"orthographic":false}